Student_ID,Age,Study_Hours_Per_Day,Attendance_Percent,Sleep_Hours_Per_Day,Practice_Sessions_Per_Week,Study_Level,Exam_Result
1,18,2.0,6.0,5.0,3,Low,Pass
2,19,3.5,7.0,6.0,4,Medium,Pass
3,20,1.5,5.0,4.0,2,Low,Fail
4,21,4.0,8.0,7.0,5,High,Pass
5,18,2.5,6.5,5.5,3,Medium,Pass
6,22,5.0,8.5,8.0,6,High,Pass
7,20,1.0,4.5,3.0,1,Low,Fail
8,19,3.0,7.5,6.0,4,Medium,Pass
9,23,4.5,8.0,7.5,5,High,Pass
10,18,2.0,5.5,4.5,2,Low,Fail
11,21,3.5,7.0,6.5,4,Medium,Pass
12,20,4.0,8.0,7.0,5,High,Pass
13,19,1.5,5.0,4.0,2,Low,Fail
14,22,2.5,6.5,5.5,3,Medium,Pass
15,20,5.5,9.0,8.5,6,High,Pass
16,18,1.0,4.0,3.5,1,Low,Fail
17,21,3.0,6.5,5.5,3,Medium,Pass
18,23,4.0,8.5,7.5,5,High,Pass
19,19,2.0,6.0,5.0,2,Low,Fail
20,22,3.5,7.5,6.5,4,Medium,Pass
21,20,4.5,8.0,7.0,5,High,Pass
22,18,2.5,5.5,4.5,2,Medium,Fail
23,21,1.5,5.0,4.0,2,Low,Fail
24,24,5.0,9.0,8.5,6,High,Pass
25,19,3.0,7.0,6.0,4,Medium,Pass
26,20,2.0,6.0,5.0,3,Low,Fail
27,22,4.0,8.0,7.5,5,High,Pass
28,21,3.5,7.5,6.5,4,Medium,Pass
29,18,1.5,4.5,3.5,1,Low,Fail
30,23,4.5,8.5,8.0,5,High,Pass
31,20,2.5,6.0,5.0,3,Medium,Pass
32,19,1.0,5.0,3.5,1,Low,Fail
33,22,3.0,7.0,6.0,4,Medium,Pass
34,21,5.0,8.5,8.0,6,High,Pass
35,18,2.0,5.5,4.0,2,Low,Fail
36,20,3.5,7.0,6.0,4,Medium,Pass
37,24,4.0,8.0,7.5,5,High,Pass
38,19,2.5,6.5,5.0,3,Medium,Pass
39,21,1.0,4.5,3.5,1,Low,Fail
40,22,4.5,8.5,8.0,5,High,Pass
41,20,3.0,6.5,5.5,3,Medium,Pass
42,18,1.5,5.0,4.0,2,Low,Fail
43,23,5.0,9.0,8.5,6,High,Pass
44,21,2.0,6.0,5.0,3,Low,Fail
45,19,3.5,7.5,6.5,4,Medium,Pass
46,22,4.0,8.0,7.5,5,High,Pass
47,20,2.5,6.0,5.0,3,Medium,Pass
48,18,1.0,4.0,3.0,1,Low,Fail
49,24,4.5,8.5,8.0,5,High,Pass
50,21,3.0,7.0,6.0,4,Medium,Pass
